category,channel_name,username,channel_id,members,members_count,language,date_added,tags,description,full_description,rating,total_reviews,channel_url
Entertainment,Crypto and Finance Memes,@CryptoMemesHub,@CryptoMemesHub,7425,7425,English,"Dec 15, 2022 
                    

 jokes


 funny


 memes","jokes, funny, memes","All in one channel for: 
📌 Crypto Jokes  
📌 Crypto Memes  
📌 Finance Memes","All in one channel for: 
📌 Crypto Jokes  
📌 Crypto Memes  
📌 Finance Memes",3.5,6,https://bestoftelegram.com/channels/CryptoMemesHub
Entertainment,Epic Memes and Jokes,@DailyEpicMemes,@DailyEpicMemes,18850,18850,English,"Mar 03, 2021 
                    

 memes


 gif


 sarcastic


 funny","memes, gif, sarcastic, funny","Meme hub.

Follow for best sarcastic jokes, Memes, GIFs and much more","Meme hub.

Follow for best sarcastic jokes, Memes, GIFs and much more",3.3,3,https://bestoftelegram.com/channels/DailyEpicMemes
Entertainment,Memes,@bestmemes,@bestmemes,113439,113439,English,"Mar 03, 2021 
                    

 memes


 jokes","memes, jokes",Best channel for jokes and Memes. They post regularly and they totally worth it!,Best channel for jokes and Memes. They post regularly and they totally worth it!,3,3,https://bestoftelegram.com/channels/bestmemes
Entertainment,Programmer Jokes,@Programmer_Jokes_Memes,@Programmer_Jokes_Memes,1773,1773,English,"May 03, 2023 
                    

 programmer


 funny


 jokes","programmer, funny, jokes","If you are a techie, then this is the channel for you. They will send you programmer Jokes every day.","If you are a techie, then this is the channel for you. They will send you programmer Jokes every day.",5,2,https://bestoftelegram.com/channels/Programmer_Jokes_Memes
Entertainment,Funny & Comedy Videos,@Funny,@Funny,257175,257175,Russian,"May 13, 2022 
                    

 funny",funny,No Matter what language you speak. This channel will make you laugh.,No Matter what language you speak. This channel will make you laugh.,0,0,https://bestoftelegram.com/channels/Funny
Entertainment,Dirty Memes,@DirtyMemesHub,@DirtyMemesHub,18309,18309,English,"Jul 30, 2025",,Daily dose of laughter.Naughty memes.,Daily dose of laughter.Naughty memes.,0,0,https://bestoftelegram.com/channels/DirtyMemesHub
Entertainment,Best Funny Prank Video,@prank,@prank,758017,758017,English,"Jul 30, 2025 
                    

 prank",prank,🤣Funny Videos & GIFs.- Best Prank Videos- Funny Prank Reactions- Top Comedy Pranks- Laughing Prank Compilations- Hilarious Prank Moments- Prank Comedy Channel- Epic Prank Reactions- Prank Entertainment Videos,🤣Funny Videos & GIFs.- Best Prank Videos- Funny Prank Reactions- Top Comedy Pranks- Laughing Prank Compilations- Hilarious Prank Moments- Prank Comedy Channel- Epic Prank Reactions- Prank Entertainment Videos,0,0,https://bestoftelegram.com/channels/prank
Entertainment,Like You Bro,@updateee,@updateee,49860,49860,English,"Mar 03, 2021 
                    

 humor",humor,Official Be like Bro Telegram channel. Follow for best humors and jokes from bro.,Official Be like Bro Telegram channel. Follow for best humors and jokes from bro.,0,0,https://bestoftelegram.com/channels/updateee
Entertainment,Epic Replies,@EpicReply,@EpicReply,1630,1630,English,"Jun 15, 2024 
                    

 trolls


 memes","trolls, memes",Explore Epic Social Media replies from around the web.,Explore Epic Social Media replies from around the web.,5,1,https://bestoftelegram.com/channels/EpicReply
Entertainment,The Worst Memes,@justmemes,@justmemes,26030,26030,English,"Mar 03, 2021 
                    

 memes


 funny


 jokes","memes, funny, jokes",This channel will send funny jokes and Memes everyday.,This channel will send funny jokes and Memes everyday.,0,0,https://bestoftelegram.com/channels/justmemes
Entertainment,Funny Gifs,@gifs_en,@gifs_en,11248,11248,English,"Jul 30, 2025",,The №1 gif channel on Telegram,The №1 gif channel on Telegram,0,0,https://bestoftelegram.com/channels/gifs_en
Entertainment,Boring Class💤,@admeme,@admeme,4573,4573,English,"Mar 03, 2021 
                    

 memes


 jokes","memes, jokes",Telegram channel for Jokes and Memes. Your daily dose of fun.,Telegram channel for Jokes and Memes. Your daily dose of fun.,0,0,https://bestoftelegram.com/channels/admeme
Developer,Programmer Humor,@programmer_humor,@programmer_humor,21775,21775,English,"Mar 03, 2021 
                    

 humor


 memes


 hot


 gif","humor, memes, hot, gif",Posts funny images and gifs every hour related to programming,Posts funny images and gifs every hour related to programming,0,0,https://bestoftelegram.com/channels/programmer_humor
Entertainment,Politically Incorrect,@politicallyincorrectjokes,@politicallyincorrectjokes,65440,65440,English,"Mar 03, 2021 
                    

 memes


 funny","memes, funny",Best Politically incorrect jokes.,Best Politically incorrect jokes.,0,0,https://bestoftelegram.com/channels/politicallyincorrectjokes
Entertainment,Bruh Memes,@brrruhhh,@brrruhhh,16869,16869,English,"Jun 09, 2024 
                    

 memes",memes,"Memes are just like Coffee. 

The darker the better.","Memes are just like Coffee. 

The darker the better.",0,0,https://bestoftelegram.com/channels/brrruhhh
Entertainment,Sarcasm,@sarcasm9,@sarcasm9,69927,69927,English,"Mar 03, 2021 
                    

 sarcastic


 humor


 funny


 jokes","sarcastic, humor, funny, jokes","If sarcastic jokes are your kind of humor, this is the channel for you. They will serve you sarcastic jokes daily.","If sarcastic jokes are your kind of humor, this is the channel for you. They will serve you sarcastic jokes daily.",4.5,2,https://bestoftelegram.com/channels/sarcasm9
Entertainment,Desi Memes Videos,@Non_Veg_Jokes_Comedy,@Non_Veg_Jokes_Comedy,27814,27814,Hindi,"May 30, 2024 
                    

 memes


 hindi","memes, hindi","• Best Telegram channel for 

- Indian memes 

- Hindi Jokes 

- Desi Bakchodi","• Best Telegram channel for 

- Indian memes 

- Hindi Jokes 

- Desi Bakchodi",0,0,https://bestoftelegram.com/channels/Non_Veg_Jokes_Comedy
Entertainment,Sarcastic Society,@Sarcastic_Society,@Sarcastic_Society,10552,10552,English,"Mar 03, 2021 
                    

 memes


 sarcastic","memes, sarcastic","Join this channel for Sarcastic photos, GIFs and Videos.","Join this channel for Sarcastic photos, GIFs and Videos.",0,0,https://bestoftelegram.com/channels/Sarcastic_Society
Entertainment,A moment before...,@a_moment_before,@a_moment_before,60622,60622,English,"Jul 30, 2025",,A moment before disaster videos,A moment before disaster videos,0,0,https://bestoftelegram.com/channels/a_moment_before
Entertainment,The World's Funniest Videos,@Funny_Videos,@Funny_Videos,13782,13782,English,"Jun 07, 2024 
                    

 comedy


 videos


 memes


 jokes","comedy, videos, memes, jokes",Enjoy watching the latest World’s Funniest Videos.,Enjoy watching the latest World’s Funniest Videos.,0,0,https://bestoftelegram.com/channels/Funny_Videos
Cryptocurrency,Cointelegraph,@cointelegraph,@cointelegraph,147980,147980,English,"May 12, 2022 
                    

 crypto


 ico


 blockchain","crypto, ico, blockchain","Get latest news and analysis from Fintech, Blockchain and Bitcoin.","Get latest news and analysis from Fintech, Blockchain and Bitcoin.",5,2,https://bestoftelegram.com/channels/cointelegraph
Cryptocurrency,Crypto Insights | News & Trends,@CryptoInsightsGuru,@CryptoInsightsGuru,44523,44523,English,"Jul 11, 2025 
                    

 trend


 bitcoin


 insights","trend, bitcoin, insights","Channel about Cryptocurrency News, Analysis and Trend.
We cover NFTs, DeFi, and other exciting innovations.","Channel about Cryptocurrency News, Analysis and Trend.
We cover NFTs, DeFi, and other exciting innovations.",5,1,https://bestoftelegram.com/channels/CryptoInsightsGuru
Cryptocurrency,Binance Announcements,@binance_announcements,@binance_announcements,5211986,5211986,English,"Mar 02, 2021 
                    

 trading


 exchange


 official


 crypto


 news","trading, exchange, official, crypto, news",Telegram channel to get latest announcement from Binance exchange,Telegram channel to get latest announcement from Binance exchange,3,1,https://bestoftelegram.com/channels/binance_announcements
Cryptocurrency,Airdrop Inspector,@airdropinspector,@airdropinspector,820142,820142,English,"May 12, 2022",,Best channel on Telegram to get verfied Airdrop. Join now and earn free coin.,Best channel on Telegram to get verfied Airdrop. Join now and earn free coin.,3.8,5,https://bestoftelegram.com/channels/airdropinspector
Cryptocurrency,CryptoRank News,@CryptoRankNews,@CryptoRankNews,988218,988218,English,"Oct 13, 2023",,"Get all latest and breaking news from Crypto World, ICO reviews, materials for profitable trading.","Get all latest and breaking news from Crypto World, ICO reviews, materials for profitable trading.",0,0,https://bestoftelegram.com/channels/CryptoRankNews
Cryptocurrency,Bitcoin Fear and Greed Index,@BTC_FearGreed_Index,@BTC_FearGreed_Index,22230,22230,English,"Jul 30, 2025",,Daily updates on Bitcoin’s Fear & Greed Index and price. Stay ahead of the crypto sentiment.,Daily updates on Bitcoin’s Fear & Greed Index and price. Stay ahead of the crypto sentiment.,0,0,https://bestoftelegram.com/channels/BTC_FearGreed_Index
Cryptocurrency,ICO SPEAKS NEWS,@icospeaksnews,@icospeaksnews,143879,143879,English,"May 12, 2022 
                    

 ico


 blockchain","ico, blockchain",Channel for all Cryptocurrency followers. Get deep insights about latest ICO and Airdrop reviews.,Channel for all Cryptocurrency followers. Get deep insights about latest ICO and Airdrop reviews.,0,0,https://bestoftelegram.com/channels/icospeaksnews
Cryptocurrency,Watcher Guru,@WatcherGuru,@WatcherGuru,553900,553900,English,"Jun 05, 2024",,"Watcher Guru gives you unparalleled, unbiased coverage of crypto & finance in real-time.","Watcher Guru gives you unparalleled, unbiased coverage of crypto & finance in real-time.",0,0,https://bestoftelegram.com/channels/WatcherGuru
Cryptocurrency,ICO Drops - ICO News & Alerts,@icodrops,@icodrops,49079,49079,English,"Mar 02, 2021 
                    

 crypto


 ico","crypto, ico",ICO calendar with ratings and analytics from https://icodrops.com/,ICO calendar with ratings and analytics from https://icodrops.com/,0,0,https://bestoftelegram.com/channels/icodrops
Cryptocurrency,CryptoQuant,@cryptoquant_official,@cryptoquant_official,62481,62481,English,"Oct 13, 2023 
                    

 tips


 advice


 trading


 signals","tips, advice, trading, signals","In this channel you will find: 

-Crypto News 
-Fundamental Analysis 
- Chart Analysis 
- Opinions on Altcoins & ICOs","In this channel you will find: 

-Crypto News 
-Fundamental Analysis 
- Chart Analysis 
- Opinions on Altcoins & ICOs",0,0,https://bestoftelegram.com/channels/cryptoquant_official
Cryptocurrency,News.Bitcoin.com,@www_Bitcoin_com,@www_Bitcoin_com,29291,29291,English,"Mar 02, 2021 
                    

 crypto


 altcoin


 blockchain","crypto, altcoin, blockchain",Get latest Cryptocurrency related news from bitcoin.com,Get latest Cryptocurrency related news from bitcoin.com,5,1,https://bestoftelegram.com/channels/www_Bitcoin_com
Cryptocurrency,Bitcoin Industry,@bitcoin_industry,@bitcoin_industry,488584,488584,English,"Sep 25, 2022 
                    

 bitcoin


 blockchain


 news","bitcoin, blockchain, news",☄️ Publishing news from the crypto industry faster than anyone else ☄️,☄️ Publishing news from the crypto industry faster than anyone else ☄️,5,1,https://bestoftelegram.com/channels/bitcoin_industry
Cryptocurrency,Airdrop Detective,@AirdropDetective,@AirdropDetective,1079818,1079818,English,"May 15, 2022",,"Experts in crypto, especially in airdrop & bounty.","Experts in crypto, especially in airdrop & bounty.",0,0,https://bestoftelegram.com/channels/AirdropDetective
Cryptocurrency,CryptoDiffer,@cryptodiffer,@cryptodiffer,26575,26575,English,"Oct 13, 2023",,"Channel for Bitcoin updates, Trading Signals, Crypto News and upcoming ICOs","Channel for Bitcoin updates, Trading Signals, Crypto News and upcoming ICOs",0,0,https://bestoftelegram.com/channels/cryptodiffer
Cryptocurrency,CoinMarketCap Announcements,@CoinMarketCapAnnouncements,@CoinMarketCapAnnouncements,316204,316204,English,"Jul 30, 2025",,"Official CMC Telegram Channel: Updates, News, and Events!","Official CMC Telegram Channel: Updates, News, and Events!",0,0,https://bestoftelegram.com/channels/CoinMarketCapAnnouncements
Cryptocurrency,CoinTrendz.com,@cointrendz,@cointrendz,25426,25426,English,"Jun 18, 2024",,"Crypto Market Data Insights, Market Activity, News, Events & more!","Crypto Market Data Insights, Market Activity, News, Events & more!",0,0,https://bestoftelegram.com/channels/cointrendz
Cryptocurrency,Crypto World News,@CryptoWorldNews,@CryptoWorldNews,88576,88576,English,"Mar 02, 2021 
                    

 crypto


 ico


 tips


 advice


 blockchain","crypto, ico, tips, advice, blockchain","Crypto World News - Join for latest news on Cryptocurrency, technical analysis, ico research report, advices, tips and more.","Crypto World News - Join for latest news on Cryptocurrency, technical analysis, ico research report, advices, tips and more.",5,1,https://bestoftelegram.com/channels/CryptoWorldNews
Cryptocurrency,Airdrop Star,@AirdropStar,@AirdropStar,298900,298900,English,"Oct 12, 2023",,"Latest crypto airdrops, bounties, giveaways and much more.🚀","Latest crypto airdrops, bounties, giveaways and much more.🚀",0,0,https://bestoftelegram.com/channels/AirdropStar
Cryptocurrency,@Airdrop,@Airdrop,@Airdrop,941400,941400,English,"May 16, 2022",,We will do our best to share the legitimate airdrop campaigns timely.,We will do our best to share the legitimate airdrop campaigns timely.,0,0,https://bestoftelegram.com/channels/Airdrop
Cryptocurrency,Trust Wallet - Announcements,@trust_announcements,@trust_announcements,761250,761250,English,"Mar 02, 2021",,News and updates on Trust Wallet.,News and updates on Trust Wallet.,0,0,https://bestoftelegram.com/channels/trust_announcements
Celebrity,❤️Actress Heaven❤️,@actressheaven,@actressheaven,7571,7571,English,"Mar 02, 2021 
                    

 actress


 hot","actress, hot",Join this channel for exclusive photos and videos of all your favorite actress.,Join this channel for exclusive photos and videos of all your favorite actress.,4.1,11,https://bestoftelegram.com/channels/actressheaven
Fashion & Beauty,Beautiful Girls,@Euro_Girlss,@Euro_Girlss,28398,28398,English,"Mar 02, 2021 
                    

 actress


 girls","actress, girls",The most beautiful girls and their Instagram links,The most beautiful girls and their Instagram links,3.7,9,https://bestoftelegram.com/channels/Euro_Girlss
Celebrity,Rashmika Mandanna,@rashmika031,@rashmika031,2126,2126,English,"Jul 29, 2025 
                    

 actress",actress,Daily updates picture and video of Rashmika mandanna,Daily updates picture and video of Rashmika mandanna,0,0,https://bestoftelegram.com/channels/rashmika031
Celebrity,Dua Lipa✓,@dua_lipa1,@dua_lipa1,16094,16094,English,"Mar 02, 2021 
                    

 music


 singer","music, singer","- Best Fans of Dua Lipa!! 

- Be Inspired from photos and videos! 

- Listen & Enjoy ALL Songs here:","- Best Fans of Dua Lipa!! 

- Be Inspired from photos and videos! 

- Listen & Enjoy ALL Songs here:",5,2,https://bestoftelegram.com/channels/dua_lipa1
Fashion & Beauty,Actress Paradise,@Actressparadisee,@Actressparadisee,4261,4261,English,"Mar 02, 2021 
                    

 girls


 photos


 bollywood


 actress","girls, photos, bollywood, actress",You will get all the Bollywood actress Pictures & Videos with Best Quality,You will get all the Bollywood actress Pictures & Videos with Best Quality,3.3,3,https://bestoftelegram.com/channels/Actressparadisee
Fashion & Beauty,Saree Photos,@sareebongs,@sareebongs,9841,9841,English,"May 24, 2024 
                    

 actress


 saree


 photos


 videos


 desi","actress, saree, photos, videos, desi","✨ Discover stunning traditional saree photos & videos! From silk to cotton sarees, enjoy daily updates.","✨ Discover stunning traditional saree photos & videos! From silk to cotton sarees, enjoy daily updates.",4.5,2,https://bestoftelegram.com/channels/sareebongs
Fashion & Beauty,Actresses Are Life,@ActressesAreLife,@ActressesAreLife,3854,3854,English,"Mar 02, 2021 
                    

 actress


 girls


 models","actress, girls, models",Bollywood Actress / Models Photo Shoots.,Bollywood Actress / Models Photo Shoots.,5,2,https://bestoftelegram.com/channels/ActressesAreLife
Celebrity,Anupama Parameswaran™,@anupama_parameswaran_F,@anupama_parameswaran_F,11682,11682,English,"Jun 17, 2024 
                    

 actress


 south india


 photos


 mollywood


 kerala","actress, south india, photos, mollywood, kerala","An Indian film actress who appears in Telugu, Malayalam, and Tamil-language films.","An Indian film actress who appears in Telugu, Malayalam, and Tamil-language films.",0,0,https://bestoftelegram.com/channels/anupama_parameswaran_F
Celebrity,Kiara Advani,@kiaraadvanilovely,@kiaraadvanilovely,7735,7735,English,"May 16, 2024 
                    

 actress",actress,"🔰 Kiara Advani  
🔰Public Figure  
🔰Actress  
🔰 Videos and photoshoot","🔰 Kiara Advani  
🔰Public Figure  
🔰Actress  
🔰 Videos and photoshoot",0,0,https://bestoftelegram.com/channels/kiaraadvanilovely
Celebrity,Alia Bhatt,@Alia_Bhatt7,@Alia_Bhatt7,4752,4752,English,"May 01, 2024 
                    

 bollywood",bollywood,Bollywood actress Alia Bhatt fans group.,Bollywood actress Alia Bhatt fans group.,0,0,https://bestoftelegram.com/channels/Alia_Bhatt7
Celebrity,✨ Tamannaah Bhatia ✨,@tamanna_bhatia_fans,@tamanna_bhatia_fans,6725,6725,English,"May 18, 2024 
                    

 actress


 south india


 gif


 photos","actress, south india, gif, photos","🌟🎥 Welcome to Tamannaah Bhatia Fan Club! 🌸💫 

💃✨ From her iconic roles to her impeccable style, we're here to share the magic of Tamannaah with fans all around the world! 🎞️","🌟🎥 Welcome to Tamannaah Bhatia Fan Club! 🌸💫 

💃✨ From her iconic roles to her impeccable style, we're here to share the magic of Tamannaah with fans all around the world! 🎞️",0,0,https://bestoftelegram.com/channels/tamanna_bhatia_fans
Celebrity,Billie Eilish Gallery,@billieeilishgallery,@billieeilishgallery,3470,3470,English,"Mar 02, 2021 
                    

 music


 singer","music, singer","☁️ Billie Eilish gallery Pics , Shoots ,& Full Collection .","☁️ Billie Eilish gallery Pics , Shoots ,& Full Collection .",2,1,https://bestoftelegram.com/channels/billieeilishgallery
Celebrity,Selena Gomez,@Selena_FanClub,@Selena_FanClub,15372,15372,English,"Mar 02, 2021 
                    

 photos


 singer


 fan club","photos, singer, fan club","Selena Gomez Fan club. Join for Music, photos, live performance, ReMix, Events, TVShows, Interview, Wallpaper and more.","Selena Gomez Fan club. Join for Music, photos, live performance, ReMix, Events, TVShows, Interview, Wallpaper and more.",3,3,https://bestoftelegram.com/channels/Selena_FanClub
Celebrity,Jacqueline Fernandez Movies,@Fernandez_Jacqueline,@Fernandez_Jacqueline,3730,3730,English,"Mar 02, 2021 
                    

 bollywood",bollywood,Channel for Jacqueline photos and Movies,Channel for Jacqueline photos and Movies,0,0,https://bestoftelegram.com/channels/Fernandez_Jacqueline
Celebrity,Ariana Grande,@ArianaArmy,@ArianaArmy,7030,7030,English,"Mar 02, 2021",,"╸Your best, biggest and most updated source of Ariana Grande ♡","╸Your best, biggest and most updated source of Ariana Grande ♡",0,0,https://bestoftelegram.com/channels/ArianaArmy
Celebrity,Kiara Advani,@actress_janhvi_kapoor,@actress_janhvi_kapoor,20157,20157,English,"Jun 10, 2024 
                    

 actress",actress,Channel dedicated to Actress Janhvi and her crazy and slavies fans.,Channel dedicated to Actress Janhvi and her crazy and slavies fans.,0,0,https://bestoftelegram.com/channels/actress_janhvi_kapoor
Celebrity,💃💃 Neha Sharma 💃 💃,@actress_neha_sharma,@actress_neha_sharma,11031,11031,English,"May 18, 2024 
                    

 bollywood",bollywood,"Channel for Neha Sharma related news, photos, videos.","Channel for Neha Sharma related news, photos, videos.",0,0,https://bestoftelegram.com/channels/actress_neha_sharma
Celebrity,Samantha Ruth Prabhu 💃,@SamanthaAkkineni_Official,@SamanthaAkkineni_Official,12473,12473,English,"May 02, 2024 
                    

 actress


 south india


 photos","actress, south india, photos",View Samanth hot and cute photos.,View Samanth hot and cute photos.,0,0,https://bestoftelegram.com/channels/SamanthaAkkineni_Official
Celebrity,Actress Fantasy ♾,@actresshot0,@actresshot0,22981,22981,English,"Mar 02, 2021 
                    

 actress


 desi


 india","actress, desi, india",Join this channel for cutest and hottest Indian actress photos,Join this channel for cutest and hottest Indian actress photos,4.2,5,https://bestoftelegram.com/channels/actresshot0
Celebrity,Kriti Sanon Club💋💋,@actress_kriti_sanon,@actress_kriti_sanon,13179,13179,English,"Jun 19, 2024 
                    

 actress",actress,"Dedicated to the kriti sanon fans with fastest update of kriti sanon photos,videos❣️❣️","Dedicated to the kriti sanon fans with fastest update of kriti sanon photos,videos❣️❣️",5,2,https://bestoftelegram.com/channels/actress_kriti_sanon
Fashion & Beauty,Women's Look,@womenslook,@womenslook,7675,7675,English,"Mar 04, 2021",,Join to know the latest trends in women's fashion.,Join to know the latest trends in women's fashion.,3.5,2,https://bestoftelegram.com/channels/womenslook
Fashion & Beauty,Men's Look,@menslooks,@menslooks,10836,10836,English,"Mar 04, 2021",,Best place to learn new trends in men's fashion.,Best place to learn new trends in men's fashion.,0,0,https://bestoftelegram.com/channels/menslooks
Celebrity,❤️Actress Heaven❤️,@actressheaven,@actressheaven,7571,7571,English,"Mar 02, 2021 
                    

 actress


 hot","actress, hot",Join this channel for exclusive photos and videos of all your favorite actress.,Join this channel for exclusive photos and videos of all your favorite actress.,4.1,11,https://bestoftelegram.com/channels/actressheaven
Fashion & Beauty,Marvelous Beauty,@MarvelousBeauty,@MarvelousBeauty,2619,2619,Russian,"May 14, 2022 
                    

 girls",girls,"Marvelous Beauty! 

Hot and gorgeous girls photos. No ads and no cross promotion on channel.","Marvelous Beauty! 

Hot and gorgeous girls photos. No ads and no cross promotion on channel.",0,0,https://bestoftelegram.com/channels/MarvelousBeauty
Fashion & Beauty,Beautiful Girls,@Euro_Girlss,@Euro_Girlss,28398,28398,English,"Mar 02, 2021 
                    

 actress


 girls","actress, girls",The most beautiful girls and their Instagram links,The most beautiful girls and their Instagram links,3.7,9,https://bestoftelegram.com/channels/Euro_Girlss
Fashion & Beauty,Beautiful girls,@beauty_girls,@beauty_girls,2024,2024,English,"Mar 04, 2021 
                    

 girls",girls,Photos and videos of gorgeous girls from all around the world.,Photos and videos of gorgeous girls from all around the world.,0,0,https://bestoftelegram.com/channels/beauty_girls
Fashion & Beauty,Actress Paradise,@Actressparadisee,@Actressparadisee,4261,4261,English,"Mar 02, 2021 
                    

 girls


 photos


 bollywood


 actress","girls, photos, bollywood, actress",You will get all the Bollywood actress Pictures & Videos with Best Quality,You will get all the Bollywood actress Pictures & Videos with Best Quality,3.3,3,https://bestoftelegram.com/channels/Actressparadisee
Fashion & Beauty,Hottest InstaGirls,@HottestInstaGirls,@HottestInstaGirls,6703,6703,English,"Mar 04, 2021 
                    

 girls


 photos


 hot","girls, photos, hot",Discover all the most beautiful instagirls !,Discover all the most beautiful instagirls !,3.6,3,https://bestoftelegram.com/channels/HottestInstaGirls
Fashion & Beauty,Saree Photos,@sareebongs,@sareebongs,9841,9841,English,"May 24, 2024 
                    

 actress


 saree


 photos


 videos


 desi","actress, saree, photos, videos, desi","✨ Discover stunning traditional saree photos & videos! From silk to cotton sarees, enjoy daily updates.","✨ Discover stunning traditional saree photos & videos! From silk to cotton sarees, enjoy daily updates.",4.5,2,https://bestoftelegram.com/channels/sareebongs
Fashion & Beauty,Make Up,@make_up,@make_up,7100,7100,English,"Mar 04, 2021",,Your makeup inspiration every day!,Your makeup inspiration every day!,0,0,https://bestoftelegram.com/channels/make_up
Fashion & Beauty,Actresses Are Life,@ActressesAreLife,@ActressesAreLife,3854,3854,English,"Mar 02, 2021 
                    

 actress


 girls


 models","actress, girls, models",Bollywood Actress / Models Photo Shoots.,Bollywood Actress / Models Photo Shoots.,5,2,https://bestoftelegram.com/channels/ActressesAreLife
Fashion & Beauty,ACTRESS WORLD ™,@ActressWorld,@ActressWorld,10919,10919,English,"Mar 04, 2021 
                    

 models",models,Actress or Models photo shoots videos.,Actress or Models photo shoots videos.,1,1,https://bestoftelegram.com/channels/ActressWorld
Fashion & Beauty,SGBudget Babes,@budgetbabes,@budgetbabes,46589,46589,English,"May 04, 2022 
                    

 offers


 deals


 girls","offers, deals, girls",Get latest beauty and fashion promotions and product releases in Singapore.,Get latest beauty and fashion promotions and product releases in Singapore.,0,0,https://bestoftelegram.com/channels/budgetbabes
Fashion & Beauty,Actress HD Gallery,@actress_photo,@actress_photo,6748,6748,English,"Mar 04, 2021",,Biggest collection of Indian Actresses with more than 100000+ pictures.,Biggest collection of Indian Actresses with more than 100000+ pictures.,0,0,https://bestoftelegram.com/channels/actress_photo
Fashion & Beauty,South Indian Actresses,@south_hotties,@south_hotties,6031,6031,English,"Mar 04, 2021 
                    

 actress


 photos


 south india","actress, photos, south india",South Indian actress gallery only.,South Indian actress gallery only.,5,1,https://bestoftelegram.com/channels/south_hotties
Fashion & Beauty,Fashion & luxuries,@Fashionandluxuries,@Fashionandluxuries,10571,10571,English,"Mar 04, 2021",,DO IT ON YOUR OWN WAY FASHION TIPS,DO IT ON YOUR OWN WAY FASHION TIPS,0,0,https://bestoftelegram.com/channels/Fashionandluxuries
Fashion & Beauty,Actress HD pictures,@actresshdpictures,@actresshdpictures,4792,4792,English,"Mar 04, 2021 
                    

 actress",actress,24/7 active channel for actress HD pictures.,24/7 active channel for actress HD pictures.,0,0,https://bestoftelegram.com/channels/actresshdpictures
Fashion & Beauty,Model PR,@modelpr,@modelpr,1912,1912,English,"Mar 04, 2021 
                    

 models


 girls


 photos","models, girls, photos",Best model photographs,Best model photographs,0,0,https://bestoftelegram.com/channels/modelpr
Fashion & Beauty,Just Actress GIFs!,@ACTGIFs,@ACTGIFs,2722,2722,English,"Mar 04, 2021 
                    

 actress


 girls","actress, girls","Channel Only shares best Actress GIFs, nothing else.","Channel Only shares best Actress GIFs, nothing else.",4,1,https://bestoftelegram.com/channels/ACTGIFs
Fashion & Beauty,Unseen Pics,@ActressUnseenPics,@ActressUnseenPics,1148,1148,English,"Mar 04, 2021 
                    

 actress


 india


 desi","actress, india, desi",Actress Unseen pictures and videos.,Actress Unseen pictures and videos.,4,1,https://bestoftelegram.com/channels/ActressUnseenPics
Music,MUSIC NAB,@coooolmusic,@coooolmusic,2104,2104,English,"Jun 16, 2024",,"If you are looking for new music everyday, this is the channel for you. Channel sends cool mp3 and videos every day!","If you are looking for new music everyday, this is the channel for you. Channel sends cool mp3 and videos every day!",5,4,https://bestoftelegram.com/channels/coooolmusic
Music,Billboard Top Rap,@BillboardTopRap,@BillboardTopRap,8377,8377,English,"Jun 24, 2024",,"New Music🔥 

New Leak🔥

Everything i post is on High Quality (320 kbps)","New Music🔥 

New Leak🔥

Everything i post is on High Quality (320 kbps)",5,1,https://bestoftelegram.com/channels/BillboardTopRap
Music,Sound On🎧🎹,@Ssoundonn,@Ssoundonn,1185,1185,English,"Jun 27, 2024",,"All About Music

#AllGenre 
#Deep_House 
#Dance 
#Alternative 
#Electronic ⚡️ 
#Billboard Charts","All About Music

#AllGenre 
#Deep_House 
#Dance 
#Alternative 
#Electronic ⚡️ 
#Billboard Charts",5,1,https://bestoftelegram.com/channels/Ssoundonn
Music,𝗠𝘂𝘀𝗶𝗰 𝗣𝗹𝗮𝘆𝘀𝘁𝗮𝘁𝗶𝗼𝗻®,@musicplaystation001,@musicplaystation001,7152,7152,English,"Jun 12, 2024",,get the best music here!,get the best music here!,0,0,https://bestoftelegram.com/channels/musicplaystation001
Music,Indian Music,@IndMusic,@IndMusic,22659,22659,English,"Mar 10, 2021 
                    

 india


 hindi","india, hindi",Channel dedicated to Indian music. Listen to popular Hindi songs.,Channel dedicated to Indian music. Listen to popular Hindi songs.,0,0,https://bestoftelegram.com/channels/IndMusic
Music,Hip Hop Album,@HipHop_album,@HipHop_album,7599,7599,English,"Jun 23, 2024",,The biggest archive channel of hip-hop albums with 100 thousand music and thousands of albums,The biggest archive channel of hip-hop albums with 100 thousand music and thousands of albums,0,0,https://bestoftelegram.com/channels/HipHop_album
Music,English songs with lyrics,@singinginEnglish,@singinginEnglish,2333,2333,English,"Jun 22, 2024 
                    

 lyrics",lyrics,Get English Lyrics for many songs.,Get English Lyrics for many songs.,4.5,2,https://bestoftelegram.com/channels/singinginEnglish
Music,USA top music ◡̈⃝,@USATopmusic,@USATopmusic,6314,6314,English,"Mar 10, 2024",,Get music that is best for you.,Get music that is best for you.,0,0,https://bestoftelegram.com/channels/USATopmusic
Music,Radio Music 📻 ❄️,@RadioMusicRock,@RadioMusicRock,1595,1595,English,"May 26, 2024",,"Electro music videos and music. EDM, future bass.","Electro music videos and music. EDM, future bass.",5,1,https://bestoftelegram.com/channels/RadioMusicRock
Music,Music Videos,@MTVmusictv,@MTVmusictv,7203,7203,English,"May 29, 2024 
                    

 videos",videos,The Best new music and music videos,The Best new music and music videos,0,0,https://bestoftelegram.com/channels/MTVmusictv
Celebrity,Selena Gomez,@Selena_FanClub,@Selena_FanClub,15372,15372,English,"Mar 02, 2021 
                    

 photos


 singer


 fan club","photos, singer, fan club","Selena Gomez Fan club. Join for Music, photos, live performance, ReMix, Events, TVShows, Interview, Wallpaper and more.","Selena Gomez Fan club. Join for Music, photos, live performance, ReMix, Events, TVShows, Interview, Wallpaper and more.",3,3,https://bestoftelegram.com/channels/Selena_FanClub
Music,TAMIL HI-RES SONGS,@flacsouthtamil,@flacsouthtamil,25089,25089,English,"Jun 23, 2024 
                    

 videos",videos,"For those who love music, This is the best channel to download all tamil songs in unbeatable lossless Hi-Res quality.","For those who love music, This is the best channel to download all tamil songs in unbeatable lossless Hi-Res quality.",4.5,2,https://bestoftelegram.com/channels/flacsouthtamil
Music,TikTok and r& music 🎶,@tiktok_songs,@tiktok_songs,1004,1004,English,"Jun 15, 2024",,Here you will find best music to make TikTok videos.,Here you will find best music to make TikTok videos.,0,0,https://bestoftelegram.com/channels/tiktok_songs
Music,Hindi Music Bollywood Songs,@Music_mp3_latest_Songs,@Music_mp3_latest_Songs,23618,23618,Hindi,"Jun 25, 2024 
                    

 bollywood


 hindi","bollywood, hindi",Collection of Best Bollywood Hindi Songs,Collection of Best Bollywood Hindi Songs,0,0,https://bestoftelegram.com/channels/Music_mp3_latest_Songs
Music,BILLBOARD CHARTS 🎶,@billboardchartsss,@billboardchartsss,18822,18822,English,"Jun 23, 2024",,"📌 All-round music contents/updates. 🎧 
📌 Billboard Hot 100 💯 
📌 Music Videos 📸","📌 All-round music contents/updates. 🎧 
📌 Billboard Hot 100 💯 
📌 Music Videos 📸",5,1,https://bestoftelegram.com/channels/billboardchartsss
Music,MALAYALAM SONGS MP3,@malayalam_songs_music_mp3,@malayalam_songs_music_mp3,9457,9457,English,"Apr 19, 2024 
                    

 movies",movies,A channel for latest Mollywood films (Malayalam) songs from 2017.,A channel for latest Mollywood films (Malayalam) songs from 2017.,5,1,https://bestoftelegram.com/channels/malayalam_songs_music_mp3
Music,Indian music & mp3🎧🎤,@hindi_songs_mp3,@hindi_songs_mp3,25950,25950,Hindi,"Jun 25, 2024",,Channel for listing to latest Hindi Songs.,Channel for listing to latest Hindi Songs.,0,0,https://bestoftelegram.com/channels/hindi_songs_mp3
Music,Ringtones MP3,@RingtonesNow,@RingtonesNow,49449,49449,English,"May 23, 2024",,Free download Latest Mp3 ringtone for all Android and iPhone. BEST RINGTONE. 🎶,Free download Latest Mp3 ringtone for all Android and iPhone. BEST RINGTONE. 🎶,0,0,https://bestoftelegram.com/channels/RingtonesNow
Music,Relaxing Music,@MeditationRelaxMusic,@MeditationRelaxMusic,20185,20185,English,"Mar 10, 2021",,"Instrumental music for: 
- Meditation, yoga 
- Lounge 
- Healing therapy 
- Deep sleep.","Instrumental music for: 
- Meditation, yoga 
- Lounge 
- Healing therapy 
- Deep sleep.",0,0,https://bestoftelegram.com/channels/MeditationRelaxMusic
Music,BTS Music Songs,@bts_MusicSongs,@bts_MusicSongs,21888,21888,English,"Apr 18, 2024",,"Channel for BTS Fans. Join for photos, videos and Music.","Channel for BTS Fans. Join for photos, videos and Music.",0,0,https://bestoftelegram.com/channels/bts_MusicSongs
Games and Apps,Telegram Bot List,@Bots4TG,@Bots4TG,6499,6499,English,"Aug 03, 2023",,Catalog of Best Telegram Bots and games.,Catalog of Best Telegram Bots and games.,4.5,4,https://bestoftelegram.com/channels/Bots4TG
Games and Apps,Software N Application,@software_application,@software_application,111774,111774,Indonesian,"Aug 03, 2021 
                    

 softwares",softwares,Join for Windows software only.,Join for Windows software only.,0,0,https://bestoftelegram.com/channels/software_application
Games and Apps,All Premium Apks,@fullmodapk,@fullmodapk,7644,7644,English,"Jun 19, 2024",,No.1 Telegram Channel where you can get cracked Apks Updates faster than ever!,No.1 Telegram Channel where you can get cracked Apks Updates faster than ever!,4.6,6,https://bestoftelegram.com/channels/fullmodapk
Games and Apps,Games Android,@games_android_free_apk,@games_android_free_apk,21189,21189,English,"Jun 10, 2024 
                    

 softwares",softwares,➽ Best channel to download cracked applications.➽,➽ Best channel to download cracked applications.➽,5,2,https://bestoftelegram.com/channels/games_android_free_apk
Games and Apps,Gaming Memes,@Gaming_Memes_Jokes,@Gaming_Memes_Jokes,1217,1217,English,"Jul 30, 2025 
                    

 memes",memes,"Where gaming meets memes, creating laughter combos!","Where gaming meets memes, creating laughter combos!",0,0,https://bestoftelegram.com/channels/Gaming_Memes_Jokes
Games and Apps,App Store Deals,@AppStoreDeals,@AppStoreDeals,11150,11150,English,"Aug 03, 2021 
                    

 deals


 premium


 coupons","deals, premium, coupons",Channel sends alert when premium apps are in discount or free for limited-time directly to your Telegram!,Channel sends alert when premium apps are in discount or free for limited-time directly to your Telegram!,0,0,https://bestoftelegram.com/channels/AppStoreDeals
Games and Apps,Android Application,@androidappterpilih,@androidappterpilih,34440,34440,English,"Jun 20, 2024 
                    

 android",android,"Selected android applications consisting of software, games, themes, wallpapers etc","Selected android applications consisting of software, games, themes, wallpapers etc",0,0,https://bestoftelegram.com/channels/androidappterpilih
Games and Apps,New Games,@newgames,@newgames,5381,5381,English,"Aug 03, 2021 
                    

 android


 ios


 games


 iphone","android, ios, games, iphone",Join to know about the best new games for iOS and Android.,Join to know about the best new games for iOS and Android.,5,1,https://bestoftelegram.com/channels/newgames
Games and Apps,Telegram APKs for Android,@TAndroidAPK,@TAndroidAPK,257018,257018,English,"Aug 02, 2025",,Official channel for Telegram Android APKs. You can also download them here: https://telegram.org/dl/android/apk,Official channel for Telegram Android APKs. You can also download them here: https://telegram.org/dl/android/apk,0,0,https://bestoftelegram.com/channels/TAndroidAPK
Games and Apps,Premium Apks™,@RxAPK,@RxAPK,4320,4320,English,"Jun 03, 2024 
                    

 games",games,Download premium app and games for free.,Download premium app and games for free.,0,0,https://bestoftelegram.com/channels/RxAPK
Games and Apps,Apkmirror official,@apkmirror_official,@apkmirror_official,25435,25435,English,"Aug 01, 2025",,Apkmirror official channel for apk files.,Apkmirror official channel for apk files.,0,0,https://bestoftelegram.com/channels/apkmirror_official
Games and Apps,Pc Games,@pc_game_down,@pc_game_down,485284,485284,English,"Aug 03, 2021 
                    

 softwares",softwares,Most popular Telegram channels for PC Game files.,Most popular Telegram channels for PC Game files.,3.5,2,https://bestoftelegram.com/channels/pc_game_down
Games and Apps,Telegram Info English,@tginfoen,@tginfoen,76829,76829,English,"Aug 02, 2025",,News about Telegram.,News about Telegram.,0,0,https://bestoftelegram.com/channels/tginfoen
Games and Apps,Telegram themes™,@tele_theme_android,@tele_theme_android,6143,6143,English,"May 12, 2024 
                    

 themes


 telegram","themes, telegram","One of the best places to find amazing telegram #themes for Android, iOS and telegram x.","One of the best places to find amazing telegram #themes for Android, iOS and telegram x.",0,0,https://bestoftelegram.com/channels/tele_theme_android
Games and Apps,PromoApps,@PromoApps,@PromoApps,4995,4995,English,"Aug 03, 2021 
                    

 iphone


 ios","iphone, ios","Best offers on the AppStore! 
For iOS and Mac OS.","Best offers on the AppStore! 
For iOS and Mac OS.",0,0,https://bestoftelegram.com/channels/PromoApps
Games and Apps,Paid Apps & Pc Software Direct APK,@directApks,@directApks,24178,24178,English,"Jun 03, 2024 
                    

 softwares",softwares,"All Premium apps in One place. 
Premium android apps
PC Software collection 
PC Games","All Premium apps in One place. 
Premium android apps
PC Software collection 
PC Games",2.5,2,https://bestoftelegram.com/channels/directApks
Games and Apps,Premium Android Apps,@androidapps_eng,@androidapps_eng,11964,11964,English,"May 22, 2024",,You can find latest Premium Modded Android Apps in this channel !,You can find latest Premium Modded Android Apps in this channel !,4,1,https://bestoftelegram.com/channels/androidapps_eng
Games and Apps,Fortnite ITALY,@fortniteitalynews,@fortniteitalynews,95913,95913,Italian,"Aug 03, 2021 
                    

 fortnite


 games","fortnite, games",Channel description not available.,Channel description not available.,0,0,https://bestoftelegram.com/channels/fortniteitalynews
Games and Apps,SOFTWARE™,@pcandroidsoftware,@pcandroidsoftware,115834,115834,English,"Aug 03, 2021 
                    

 softwares


 premium account","softwares, premium account",Best channel on Telegram to get cracked apps and Premium accounts,Best channel on Telegram to get cracked apps and Premium accounts,3.5,6,https://bestoftelegram.com/channels/pcandroidsoftware
Games and Apps,Windows Softwares pc Games,@Windows_Softwares_Pc_Games,@Windows_Softwares_Pc_Games,163840,163840,English,"Aug 03, 2021 
                    

 softwares",softwares,"Join for softwares, games, and tricks.","Join for softwares, games, and tricks.",3.6,3,https://bestoftelegram.com/channels/Windows_Softwares_Pc_Games
Entertainment,Programmer Jokes,@Programmer_Jokes_Memes,@Programmer_Jokes_Memes,1773,1773,English,"May 03, 2023 
                    

 programmer


 funny


 jokes","programmer, funny, jokes","If you are a techie, then this is the channel for you. They will send you programmer Jokes every day.","If you are a techie, then this is the channel for you. They will send you programmer Jokes every day.",5,2,https://bestoftelegram.com/channels/Programmer_Jokes_Memes
Technology,Telegram Tips✔,@TelegramTips,@TelegramTips,1326900,1326900,English,"Mar 07, 2021 
                    

 telegram",telegram,Telegram has tons of feature. This official channel from Telegram show how to use the features.,Telegram has tons of feature. This official channel from Telegram show how to use the features.,0,0,https://bestoftelegram.com/channels/TelegramTips
Technology,Technology Boxes,@TechnologyBoxs,@TechnologyBoxs,30602,30602,English,"Mar 11, 2021 
                    

 crypto


 news","crypto, news","ɪᴛ's ᴛᴇᴄʜɴᴏʟᴏɢɪᴄ 

- Daily Facts 
- NEWS 
-¬ Trivia About Technology 
- Futurism 
- Crypto News","ɪᴛ's ᴛᴇᴄʜɴᴏʟᴏɢɪᴄ 

- Daily Facts 
- NEWS 
-¬ Trivia About Technology 
- Futurism 
- Crypto News",0,0,https://bestoftelegram.com/channels/TechnologyBoxs
Technology,Programming Tips,@ProgrammingTip,@ProgrammingTip,54584,54584,English,"Mar 11, 2021 
                    

 programmer


 tips


 learning","programmer, tips, learning","Useful channel if you are a programmer. Join for Programming tips, design pattern, software principle.","Useful channel if you are a programmer. Join for Programming tips, design pattern, software principle.",4,1,https://bestoftelegram.com/channels/ProgrammingTip
Technology,Bot News,@BotNews,@BotNews,119792,119792,English,"Mar 10, 2021 
                    

 news",news,"The Official source for news about the Telegram BOT API. 

https://core.telegram.org/bots","The Official source for news about the Telegram BOT API. 

https://core.telegram.org/bots",0,0,https://bestoftelegram.com/channels/BotNews
News,Tomorrow Technology,@TheTomorrowTechnology,@TheTomorrowTechnology,10700,10700,English,"Jun 21, 2024 
                    

 gadgets


 reviews","gadgets, reviews",The latest innovations that will take your breath away!,The latest innovations that will take your breath away!,0,0,https://bestoftelegram.com/channels/TheTomorrowTechnology
Technology,Android Security & Malware,@androidMalware,@androidMalware,39250,39250,English,"Mar 11, 2021",,"Mobile infosec news about - security, privacy, malware, bugs, vulnerabilities, data leaks, bug bounty hunting, security tips & tutorials, tools, hacks, ethical hacking, penetration testing, forensic","Mobile infosec news about - security, privacy, malware, bugs, vulnerabilities, data leaks, bug bounty hunting, security tips & tutorials, tools, hacks, ethical hacking, penetration testing, forensic",0,0,https://bestoftelegram.com/channels/androidMalware
Technology,The Devs,@thedevs,@thedevs,33784,33784,English,"Mar 11, 2021",,"Developers Community on Telegram. 

https://thedevs.network","Developers Community on Telegram. 

https://thedevs.network",5,1,https://bestoftelegram.com/channels/thedevs
News,Tech & Leaks Zone,@techleakszone,@techleakszone,10258,10258,English,"Jun 21, 2024",,"Stay Updated on the latest tech-related news inclusive of smartphones, Tech news 
NO need to wander on Google or check websites now","Stay Updated on the latest tech-related news inclusive of smartphones, Tech news 
NO need to wander on Google or check websites now",0,0,https://bestoftelegram.com/channels/techleakszone
Technology,Breathtaking Technologies,@softwareninja,@softwareninja,9765,9765,English,"Jul 03, 2024",,"Selected topics about software and technologies, including operating systems, security, mobile devices and Internet.","Selected topics about software and technologies, including operating systems, security, mobile devices and Internet.",0,0,https://bestoftelegram.com/channels/softwareninja
Technology,Gadget News,@gadget_news,@gadget_news,12970,12970,English,"Mar 11, 2021 
                    

 news",news,"Gadget News - phones, drones, smartphones, robots and stuff.","Gadget News - phones, drones, smartphones, robots and stuff.",4,1,https://bestoftelegram.com/channels/gadget_news
Technology,SamMobile.com - Samsung News!,@SamMobileNews,@SamMobileNews,20165,20165,English,"Aug 01, 2025",,Telegram channel for Samsung related news.,Telegram channel for Samsung related news.,0,0,https://bestoftelegram.com/channels/SamMobileNews
Technology,Computer Science and Programing,@computer_science_and_programming,@computer_science_and_programming,161161,161161,English,"Mar 11, 2021 
                    

 programmer


 coder


 deep learning","programmer, coder, deep learning","Channel specialized for research advances of: 
* Artificial intelligence, 
* Machine Learning, 
* Deep Learning, 
* Computer Vision, 
* Data Science, 
* Papers and implementations 
* Python programming","Channel specialized for research advances of: 
* Artificial intelligence, 
* Machine Learning, 
* Deep Learning, 
* Computer Vision, 
* Data Science, 
* Papers and implementations 
* Python programming",0,0,https://bestoftelegram.com/channels/computer_science_and_programming
Games and Apps,Apkmirror official,@apkmirror_official,@apkmirror_official,25435,25435,English,"Aug 01, 2025",,Apkmirror official channel for apk files.,Apkmirror official channel for apk files.,0,0,https://bestoftelegram.com/channels/apkmirror_official
Technology,Xiaomi & MIUI News,@xiaomiui,@xiaomiui,172770,172770,English,"Mar 11, 2021",,"Join this channel for latest news related to Xiaomi mobiles, softwares and MIUI news.","Join this channel for latest news related to Xiaomi mobiles, softwares and MIUI news.",0,0,https://bestoftelegram.com/channels/xiaomiui
Technology,Technology Review,@technology_tg,@technology_tg,9155,9155,English,"Jul 02, 2024",,Technology reviews and trends,Technology reviews and trends,0,0,https://bestoftelegram.com/channels/technology_tg
Technology,GitHub repos,@github_repos,@github_repos,25900,25900,English,"Mar 11, 2021 
                    

 github",github,Best GitHub projects.,Best GitHub projects.,0,0,https://bestoftelegram.com/channels/github_repos
Technology,Apple,@apple_enng,@apple_enng,26920,26920,English,"Jul 01, 2024 
                    

 iOS


 apple","iOS, apple",A channel dedicated to Apple News & Updates. Not an official channel.,A channel dedicated to Apple News & Updates. Not an official channel.,0,0,https://bestoftelegram.com/channels/apple_enng
Technology,Google News | En,@google_nws,@google_nws,31700,31700,English,"Jul 04, 2024",,"News about Google, Android, Made by Google Devices and etc.","News about Google, Android, Made by Google Devices and etc.",0,0,https://bestoftelegram.com/channels/google_nws
Games and Apps,Paid Apps & Pc Software Direct APK,@directApks,@directApks,24178,24178,English,"Jun 03, 2024 
                    

 softwares",softwares,"All Premium apps in One place. 
Premium android apps
PC Software collection 
PC Games","All Premium apps in One place. 
Premium android apps
PC Software collection 
PC Games",2.5,2,https://bestoftelegram.com/channels/directApks
,Utopian Leaks,@utopianleaks,@utopianleaks,,32940,English,"May 04, 2023 
    Page Views",,Fast growing community with hundreds of models.,,3.5,776,https://bestoftelegram.com/channels/utopianleaks
,Pr00n,@pornodrive,@pornodrive,,467000,English,"May 06, 2025 
    Page Views",,"Naughty America, Pornhub, RealityKings, brazzers free videos",,3.9,303,https://bestoftelegram.com/channels/pornodrive
,Featured Creators 🔞💙🤍,@Private Group,,,8700,English,"Sep 09, 2025 
    Page Views",,Your exclusive channel to finding only fan models with trial links!!! 🔗 enjoy 😘,,3.5,8,https://bestoftelegram.com/channels/AW5EqAiG8UFlOGFh
,PORN CINEMA,@Private Group,,,33400,English,"May 06, 2025 
    Page Views",,Best adult Telegram group. They post more than 10 videos every day. Trailers (GIFs) available for every porn.,,3.9,688,https://bestoftelegram.com/channels/LE5THapOc0k4MTAy
,Home Porn,@eronude,@eronude,,46599,English,"May 08, 2022 
    Page Views",,home made erotic photos and videos category.,,3.6,509,https://bestoftelegram.com/channels/eronude
,Lucid Dreams (18+),@luciddreams,@luciddreams,,2259229,English,"Aug 19, 2025 
    Page Views",,Adult Telegram Bot. The AI fantasy game that has no boundaries!,,4.7,8,https://bestoftelegram.com/channels/luciddreams
,Public Nudity,@random_porn,@random_porn,,306000,English,"May 08, 2025 
    Page Views",,Full length (more than 40 minutes) premium random porn videos. There are more than 3000 videos.Channel doesn't promote any ads,,3.8,160,https://bestoftelegram.com/channels/random_porn
,UpsSs,@upsssx,@upsssx,,724720,English,"May 03, 2022 
    Page Views",,"High quality porn videos. Direct play on Telegram, no ads or cross promotions. Hot Telegram channel to watch Anal sex videos.",,3.8,2382,https://bestoftelegram.com/channels/upsssx
Adults,Bad Girls videos,@Private Group,,,,,,,Bad Girls 18+ hot short videos and B grade Movies.,,,,https://t.me/+PpozazutRQg3YmU1
,XXX Cloud,@Private Group,,,47000,English,"Mar 30, 2025 
    Page Views",,Get 100+ direct play porn videos per day right on Telegram.,,3.6,149,https://bestoftelegram.com/channels/5EXKTI8kXA9iZjYy
,Brazzers,@Private Group,,,252000,English,"May 06, 2025 
    Page Views",,Watch unlimited brazzer videos for Free,,3.7,122,https://bestoftelegram.com/channels/AAAAAFjVzKcL6FstTIhCnA
,TelePornoGram Official Channel,@telepornogram,@telepornogram,,26343,English,"May 10, 2022 
    Page Views",,More than 100K High quality teen sex videos. Videos usually are 300+ MB,,3.3,143,https://bestoftelegram.com/channels/telepornogram
,shortvids18,@Naked_tiktok2,@Naked_tiktok2,,344628,English,"Mar 28, 2025 
    Page Views",,Channel for sexy girls photos and videos from Instagram and TikTok. You will find more than 15000 such videos here.,,3.6,107,https://bestoftelegram.com/channels/Naked_tiktok2
Adults,Adult Memes,@DirtyMemesHub,,,,,,,"Adult Memes Hub. Follow for Adult, dirty Memes, jokes and Photos",,,,https://telegram.me/DirtyMemesHub
,Leaked Desi Bhabhi Videos,@Private Group,,,5525,English,"Oct 03, 2023 
    Page Views",,Biggest channel on Telegram for Desi porn videos and Hot scenes from Indian cinemas,,3.7,160,https://bestoftelegram.com/channels/RmEKYbsZaexiYjIy
,"Pfff Porn, sex, boobs and anal sex",@pfff_boom,@pfff_boom,,62500,English,"May 03, 2023 
    Page Views",,Thousands of MILFs and Teens short best porn videos and GIFs.More than 45000 video. Biggest porn channel on Telegram.,,3.6,53,https://bestoftelegram.com/channels/pfff_boom
,tattoos,@tattoos,@tattoos,,18900,English,"Dec 25, 2023 
    Page Views",,"Sexy girls with tattoos photos in one place. No porn, just boobs and awesome girls body photos.",,3.7,20,https://bestoftelegram.com/channels/tattoos
,Gay Porn World,@gaypornworld,@gaypornworld,,33700,English,"Aug 17, 2025 
    Page Views",,Biggest and best channel on Telegram for Gay porn.,,0,0,https://bestoftelegram.com/channels/gaypornworld
Adults,Telegram Pornstars,@Private Group,,,,,,,In this channel you can watch Premium Brazzer videos in HD quality for free. Join to watch your favorite porn actress videos.,,,,https://telegram.me/BinanceBoxDaily
,Tender Feet,@nyfeet,@nyfeet,,28016,English,"Mar 29, 2024 
    Page Views",,The most beautiful female legs in tights and stockings.,,3.2,14,https://bestoftelegram.com/channels/nyfeet
,Real Sex,@sexwife,@sexwife,,196391,English,"May 18, 2022 
    Page Views",,Real sex videos made and uploaded by people all around the world.,,3.8,5,https://bestoftelegram.com/channels/sexwife
,Explicit scenes from Movies,@explicit_scenes,@explicit_scenes,,34660,English,"Aug 17, 2025 
    Page Views",,"Hot scenes, Sex videos from movies.",,0,0,https://bestoftelegram.com/channels/explicit_scenes
,XXX Photos,@Private Group,,,37130,English,"May 27, 2022 
    Page Views",,"Only XXX Photos, no videos",,3.4,48,https://bestoftelegram.com/channels/AAAAAEQRBwcHqlrq977gkg
,Double Penetration,@Private Group,,,6888,English,"Aug 17, 2025 
    Page Views",,"When one dick 🥒 just isn't enough ✨Double the dicks, double the fun 💕",,3,2,https://bestoftelegram.com/channels/COmq5d2L148zNjY0
,Desi Aunty,@RealAmateurs,@RealAmateurs,,62760,English,"Oct 18, 2023 
    Page Views",,"Join this adult Telegram group for Desi sex videos and Homemade porn videos, B grade movies and hot scenes from Indian movies.",,3.8,62,https://bestoftelegram.com/channels/RealAmateurs
,Beautiful girls,@b_babes,@b_babes,,10395,English,"May 20, 2022 
    Page Views",,"Hot and sexy girls photos and GIFs. No porn, no ads",,3.8,59,https://bestoftelegram.com/channels/b_babes
,Naughty America Premium,@Naughty_America_premiumz,@Naughty_America_premiumz,,73100,English,"Aug 17, 2025 
    Page Views",,Premium Naughty america and Anal sex videos.,,5,1,https://bestoftelegram.com/channels/Naughty_America_premiumz
,Oral Love: Blowjob & Pussy-licking,@Private Group,,,237000,English,"May 24, 2022 
    Page Views",,Most active channel to watch or download Blowjob and Pussy licking videos.,,3.4,55,https://bestoftelegram.com/channels/AAAAAEphQ8XA8mzLTZxfBQ
,Celebrity Nude,@feets_soles,@feets_soles,,62135,English,"May 20, 2022 
    Page Views",,Celebrity photos and Gifs only. No porn,,3.4,60,https://bestoftelegram.com/channels/feets_soles
,Brazzers,@Private Group,,,212450,English,"May 08, 2022 
    Page Views",,Verified and certified videos from all famous porn sites.,,3.6,69,https://bestoftelegram.com/channels/AAAAAE3bkSYkBYq8goW8ww
,Public Sex,@Private Group,,,337000,English,"May 18, 2022 
    Page Views",,Join this Telegram adult group to get public sex videos,,3.7,94,https://bestoftelegram.com/channels/AAAAAFSy2Wd6aJDtjwbqiw
,Cum on Face 18+,@cumoffface,@cumoffface,,179300,English,"Aug 17, 2025 
    Page Views",,Exclusive channel for cum of face porn.,,0,0,https://bestoftelegram.com/channels/cumoffface
,Adult Club 18,@BBCFWC,@BBCFWC,,113692,English,"May 22, 2022 
    Page Views",,High quality videos from Western.,,3.8,64,https://bestoftelegram.com/channels/BBCFWC
Arts & Photos,WALLPAPER,@bestwallpapes,@bestwallpapes,22500,22500,English,"Mar 02, 2021 
                    

 wallpapers",wallpapers,Best channel on Telegram to download HD wallpapers.,Best channel on Telegram to download HD wallpapers.,5,3,https://bestoftelegram.com/channels/bestwallpapes
Arts & Photos,Epic HD Wallpapers| Mobile,@Epic_HD_Wallpapers,@Epic_HD_Wallpapers,9823,9823,English,"Aug 25, 2025",,🌄 Stunning HD mobile wallpapers that make your phone pop.,🌄 Stunning HD mobile wallpapers that make your phone pop.,0,0,https://bestoftelegram.com/channels/Epic_HD_Wallpapers
Arts & Photos,iWallpaper,@iWallpaper,@iWallpaper,10050,10050,English,"Mar 02, 2021 
                    

 wallpapers",wallpapers,"Art, car, girl, movie, color, nature and other wallpapers.","Art, car, girl, movie, color, nature and other wallpapers.",5,1,https://bestoftelegram.com/channels/iWallpaper
Arts & Photos,Private Art,@privateart,@privateart,56679,56679,English,"Mar 02, 2021 
                    

 art


 painting","art, painting",Channel to find best painting in the world.,Channel to find best painting in the world.,5,1,https://bestoftelegram.com/channels/privateart
Arts & Photos,Ideas for your home,@ideasforhome,@ideasforhome,10560,10560,English,"Mar 02, 2021 
                    

 ideas


 designs","ideas, designs",Channel to inspire creativity to build your dream home.,Channel to inspire creativity to build your dream home.,0,0,https://bestoftelegram.com/channels/ideasforhome
Arts & Photos,WallpapersGram™ HD,@special_pictures_TM,@special_pictures_TM,82034,82034,English,"Jun 09, 2024 
                    

 photos


 wallpapers","photos, wallpapers","✨we give you best HD wallpapers, Quotes, business tips and more...💫  

Helping YOU in the game called LIFE!","✨we give you best HD wallpapers, Quotes, business tips and more...💫  

Helping YOU in the game called LIFE!",3,2,https://bestoftelegram.com/channels/special_pictures_TM
Auto,Cool Cars,@cool_cars,@cool_cars,1205,1205,English,"Mar 02, 2021 
                    

 vehicles


 automobiles


 cars


 F1


 photos","vehicles, automobiles, cars, F1, photos",Get cool cars photos everyday. This channel has already shared more than 6500 awesome cars photos.,Get cool cars photos everyday. This channel has already shared more than 6500 awesome cars photos.,0,0,https://bestoftelegram.com/channels/cool_cars
Arts & Photos,DÃ©cor,@Justdecor,@Justdecor,7672,7672,English,"Mar 02, 2021 
                    

 art


 designs


 ideas","art, designs, ideas",Interior design ideas.,Interior design ideas.,5,1,https://bestoftelegram.com/channels/Justdecor
Arts & Photos,Crazyart,@crazyart,@crazyart,13739,13739,Russian,"May 12, 2022 
                    

 art",art,World of Art and Creativity,World of Art and Creativity,0,0,https://bestoftelegram.com/channels/crazyart
Arts & Photos,Art planet,@artplanet,@artplanet,6762,6762,English,"Mar 02, 2021 
                    

 art


 painting","art, painting",Another channel with best painting collections.,Another channel with best painting collections.,0,0,https://bestoftelegram.com/channels/artplanet
Arts & Photos,Photogallery,@pictures_land,@pictures_land,8985,8985,English,"Mar 02, 2021 
                    

 photos",photos,Every day an exclusive photo gallery that will leave you speechless.,Every day an exclusive photo gallery that will leave you speechless.,5,1,https://bestoftelegram.com/channels/pictures_land
Arts & Photos,World Architecture,@Architecture_World,@Architecture_World,67720,67720,English,"Mar 02, 2021",,Best architectural structures from around the world.,Best architectural structures from around the world.,0,0,https://bestoftelegram.com/channels/Architecture_World
Science,Dark Space,@darkspace,@darkspace,7915,7915,English,"Mar 02, 2021 
                    

 space


 photos","space, photos",Best pictures of beautiful space in high definition.,Best pictures of beautiful space in high definition.,0,0,https://bestoftelegram.com/channels/darkspace
Quotes,Inspiring Images,@InspiringImages,@InspiringImages,48350,48350,English,"Mar 02, 2021 
                    

 photos",photos,♡ Get inspired and stay positive with Motivation images from channel ♡,♡ Get inspired and stay positive with Motivation images from channel ♡,0,0,https://bestoftelegram.com/channels/InspiringImages
Arts & Photos,AI | Arts | Prompts | Tips,@ai_odyssey_art,@ai_odyssey_art,7911,7911,English,"Jun 09, 2024 
                    

 art",art,"Welcome to the world of AI art! Embark on an exhilarating journey where Midjourney, Stable Diffusion, and DALL·E 2 intertwine in magical artistic creations. ✨🎨","Welcome to the world of AI art! Embark on an exhilarating journey where Midjourney, Stable Diffusion, and DALL·E 2 intertwine in magical artistic creations. ✨🎨",0,0,https://bestoftelegram.com/channels/ai_odyssey_art
Arts & Photos,Anime art,@animeart,@animeart,4938,4938,English,"Mar 02, 2021 
                    

 art",art,Best arts photos on your favorite Anime.,Best arts photos on your favorite Anime.,0,0,https://bestoftelegram.com/channels/animeart
Arts & Photos,Photogram,@fotosgram,@fotosgram,11548,11548,Russian,"May 22, 2022 
                    

 travel",travel,The best photo works from around the world.,The best photo works from around the world.,0,0,https://bestoftelegram.com/channels/fotosgram
Arts & Photos,Pinterest Pictures,@PinterestHD_Wallpapers,@PinterestHD_Wallpapers,57528,57528,English,"Jun 09, 2024 
                    

 photos


 wallpapers


 photography","photos, wallpapers, photography","Best wallpaper, rich motivational quotes, Business tips , techs channel on telegram!","Best wallpaper, rich motivational quotes, Business tips , techs channel on telegram!",0,0,https://bestoftelegram.com/channels/PinterestHD_Wallpapers
Arts & Photos,Comics Art (Marvel/DC/StarWars),@comics_art_Marvel_DC,@comics_art_Marvel_DC,21097,21097,English,"Mar 02, 2021 
                    

 art


 marvel


 dc


 star wars","art, marvel, dc, star wars","Best comics arts of Marvel, DC and StarWars characters.","Best comics arts of Marvel, DC and StarWars characters.",4,1,https://bestoftelegram.com/channels/comics_art_Marvel_DC
Arts & Photos,Strange Art,@strangeart,@strangeart,4970,4970,English,"Mar 02, 2021 
                    

 art",art,☠️ If normal art is boring then check this channel for strange creepy art.,☠️ If normal art is boring then check this channel for strange creepy art.,0,0,https://bestoftelegram.com/channels/strangeart
Quotes,🔱Motivational🔱,@motivational,@motivational,78402,78402,English,"Mar 09, 2021",,Daily inspirational and motivation quotes to change your mood instantly.,Daily inspirational and motivation quotes to change your mood instantly.,0,0,https://bestoftelegram.com/channels/motivational
Quotes,@quote,@quote,@quote,116771,116771,English,"Mar 09, 2021",,"Best quotes from famous author, Movies and peoples. Recommended for personal growth and love.","Best quotes from famous author, Movies and peoples. Recommended for personal growth and love.",3,2,https://bestoftelegram.com/channels/quote
Quotes,Word Porn,@wordporn,,53034,,,,,Get inspired by words that touch millions of hearts.,,,,https://telegram.me/wordporn
Quotes,Motivation and Psychology,@motivation,@motivation,37772,37772,English,"Jul 12, 2024 
                    

 self development",self development,"Motivational videos and psychology tips. 
The best content and an active community! 💡📹","Motivational videos and psychology tips. 
The best content and an active community! 💡📹",0,0,https://bestoftelegram.com/channels/motivation
Quotes,💭 Quotes and Facts,@Quotes_Facts_English_Motivation,,153755,,,,,The Greatest Quotes of all Time 💯,,,,https://bestoftelegram.com/channels/Quotes_Facts_English_Motivation
Quotes,Entrepreneur Mindset-Business Ideas,@Entrepreneur_Mindset_Quotes_Fact,,12747,,,,,#1 platform that shares valuable insights to help individuals grow and succeed in business and entrepreneurs' world.,,,,https://bestoftelegram.com/channels/Entrepreneur_Mindset_Quotes_Fact
Quotes,Inspiring Images,@InspiringImages,,48350,,,,,♡ Get inspired and stay positive with Motivation images from channel ♡,,,,https://bestoftelegram.com/channels/InspiringImages
Quotes,Rich Motivational - Inspirationl Quotes,@rich_motivational_quotes,,63614,,,,,Motivation channel for anyone looking to change their mood.,,,,https://bestoftelegram.com/channels/rich_motivational_quotes
Quotes,Shower Thoughts,@showerthoughts,,42144,,,,,Most regularly posted channel with more than 20 inspiring quotes everyday.,,,,https://bestoftelegram.com/channels/showerthoughts
Quotes,Think Positive Words,@thinkpositivewords,,40984,,,,,Get positive inspiration and motivation quotes with images.,,,,https://bestoftelegram.com/channels/thinkpositivewords
Quotes,Midnight Thoughts,@Bi_Amde,,95231,,,,,The Greatest Quotes of all Time.,,,,https://bestoftelegram.com/channels/Bi_Amde
Quotes,Spiritual Library,@SpiritualLibrary,,19398,,,,,"•Spiritual books extracts and quotes. 
•Secret Wisdom from Spiritual Teachers",,,,https://bestoftelegram.com/channels/SpiritualLibrary
Quotes,Daily Motivation,@DailyMotivations,,37205,,,,,Your Daily Dose Of Motivation.,,,,https://bestoftelegram.com/channels/DailyMotivations
Quotes,Inspiring Thoughts,@inspiringthoughts,,33833,,,,,"Best channel for Powerful , Inspiring, Motivational Messages, Audios, and Videos.",,,,https://bestoftelegram.com/channels/inspiringthoughts
Quotes,ɪɴ ᴍʏ ғᴇᴇʟɪɴɢs™,@Musics_and_Quotes,,70407,,,,,A collection of famous and inspirational quotes.,,,,https://bestoftelegram.com/channels/Musics_and_Quotes
Quotes,Hindi Motivational Quotes,@Hindi_Quotes_Motivational_Videos,,239815,,,,,Join for best motivation quotes posted in Hindi,,,,https://bestoftelegram.com/channels/Hindi_Quotes_Motivational_Videos
Quotes,Books Quotes English,@English_Books_Quotes_Poetry_Text,,24869,,,,,Best quotes from Books.,,,,https://bestoftelegram.com/channels/English_Books_Quotes_Poetry_Text
Quotes,LIFE TIPS,@the_life_tips,,127189,,,,,Helping YOU in the game called LIFE!,,,,https://bestoftelegram.com/channels/the_life_tips
Quotes,The Good Quote Motivation,@Quotes_G,,88091,,,,,MOST Inspirational quotes and sayings on life 💪,,,,https://bestoftelegram.com/channels/Quotes_G
Quotes,TALKS,@talks,,2364,,,,,"Inspirational and Empowering Talks. About freedom, self development, motivation, inner strength and other important topics.",,,,https://bestoftelegram.com/channels/talks
